Hailey Antcliff,Hailey_Antcliff9757@yahoo.audio,Leadership,2022-12-14,500.00,Full Payment
Harvey Reyes,Harvey_Reyes9354@voylg.directory,Analytics,2022-12-30,500.00,Full Payment
Carina Stubbs,Carina_Stubbs8509@jh02o.org,Accounting,2022-12-04,500.00,Full Payment
Ramon Redden,Ramon_Redden905@1kmd3.club,Design and technology,2022-12-07,500.00,Full Payment
Maya Randall,Maya_Randall2939@lhp4j.meet,Unspecified,2022-12-25,100.00,Part Payment
Matt Ashley,Matt_Ashley6946@jh02o.info,Analytics,2022-12-30,100.00,Part Payment
Ronald Newton,Ronald_Newton1403@1kmd3.com,Design and technology,2022-12-22,500.00,Full Payment
Jack Hobbs,Jack_Hobbs4073@evyvh.auction,Design and technology,2022-12-07,500.00,Full Payment
Elena Shelton,Elena_Shelton5238@karnv.org,Analytics,2022-12-02,500.00,Full Payment
Tom Alldridge,Tom_Alldridge5905@gkvds.property,Analytics,2022-12-10,500.00,Full Payment
Henry Edmonds,Henry_Edmonds4807@dbxli.store,Analytics,2022-12-21,500.00,Full Payment
Marilyn Lomax,Marilyn_Lomax5283@c2nyu.online,Unspecified,2022-12-25,500.00,Full Payment
Jack Hudson,Jack_Hudson8090@yafr7.audio,Leadership,2022-12-26,250.00,Part Payment
Alice Spencer,Alice_Spencer8470@yafr7.services,Unspecified,2022-12-25,250.00,Part Payment
Hadley Brown,Hadley_Brown7577@xqj6f.business,Leadership,2022-12-17,500.00,Full Payment
Erick Whitmore,Erick_Whitmore5039@crzq7.center,Unspecified,2022-12-25,500.00,Full Payment
Carrie Simpson,Carrie_Simpson7773@qu9ml.catering,Analytics,2022-12-15,250.00,Part Payment
Harvey Bell,Harvey_Bell7932@bu2lo.website,Analytics,2022-12-03,500.00,Full Payment
Barney Morris,Barney_Morris5647@hepmv.autos,Analytics,2022-12-24,500.00,Full Payment
Sarah Notman,Sarah_Notman1234@3wbkp.works,Unspecified,2022-12-25,500.00,Full Payment
Sonya Richards,Sonya_Richards9066@yfxpw.video,Unspecified,2022-12-25,500.00,Full Payment
Caydence Fisher,Caydence_Fisher2480@bcfhs.store,Leadership,2022-12-28,500.00,Full Payment
Daniel Lomax,Daniel_Lomax6341@yfxpw.property,Unspecified,2022-12-28,100.00,Part Payment
Denny Bell,Denny_Bell8404@cke3u.property,Accounting,2022-12-16,250.00,Part Payment
Nicole Norton,Nicole_Norton7231@avn7d.zone,Analytics,2022-12-23,250.00,Part Payment
Daria Little,Daria_Little6096@3wbkp.app,Design and technology,2022-12-26,250.00,Part Payment
Lindsay Taylor,Lindsay_Taylor7452@kyb7t.com,Leadership,2022-12-03,100.00,Part Payment
Mason Davies,Mason_Davies1960@kyb7t.software,Analytics,2022-12-18,500.00,Full Payment
Alba Allcott,Alba_Allcott1554@nb44i.online,Unspecified,2022-12-25,500.00,Full Payment
Phoebe Morrison,Phoebe_Morrison8611@xtwt3.store,Design and technology,2022-12-20,500.00,Full Payment
Caitlyn Adler,Caitlyn_Adler3155@hepmv.shop,Unspecified,2022-12-09,500.00,Full Payment
Nate Thornton,Nate_Thornton707@iaart.us,Design and technology,2022-12-27,100.00,Part Payment
Hayden Nanton,Hayden_Nanton4520@yafr7.solutions,Leadership,2022-12-10,100.00,Part Payment
Evie Robe,Evie_Robe9866@yahoo.mobi,Analytics,2022-12-24,100.00,Part Payment
Mike Hunter,Mike_Hunter6868@gkvds.digital,Accounting,2022-12-27,100.00,Part Payment
Marilyn Jackson,Marilyn_Jackson8632@gnjps.media,Leadership,2022-12-08,100.00,Part Payment
Gwen Porter,Gwen_Porter9514@ckzyi.autos,Unspecified,2022-12-25,500.00,Full Payment
Sloane Snell,Sloane_Snell336@yahoo.page,Analytics,2022-12-26,250.00,Part Payment
Alessia Mcneill,Alessia_Mcneill3403@bcfhs.services,Design and technology,2022-12-13,500.00,Full Payment
Bryon Lyon,Bryon_Lyon2242@fhuux.autos,Unspecified,2022-12-25,250.00,Part Payment
Mavis Wills,Mavis_Wills7512@ohqqh.autos,Analytics,2022-12-12,500.00,Full Payment
Adelaide Hogg,Adelaide_Hogg7997@xqj6f.site,Analytics,2022-12-06,250.00,Part Payment
Emmanuelle Gonzales,Emmanuelle_Gonzales7516@ds59r.solutions,Analytics,2022-12-05,500.00,Full Payment
Alessia Lloyd,Alessia_Lloyd1527@xqj6f.info,Leadership,2022-12-23,500.00,Full Payment
Matthew Patel,Matthew_Patel8052@crzq7.com,Analytics,2022-12-02,250.00,Part Payment
Luke Lyon,Luke_Lyon3797@lyvnc.pro,Analytics,2022-12-08,250.00,Part Payment
Alan Shea,Alan_Shea1327@yafr7.meet,Analytics,2022-12-02,250.00,Part Payment
Cara Vane,Cara_Vane9101@lhp4j.org,Unspecified,2022-12-18,250.00,Part Payment
Chad Atkinson,Chad_Atkinson1184@zynuu.services,Design and technology,2022-12-11,100.00,Part Payment
Jack Campbell,Jack_Campbell8746@ds59r.website,Design and technology,2022-12-06,100.00,Part Payment
Hannah Dunbar,Hannah_Dunbar3125@avn7d.shop,Design and technology,2022-12-08,100.00,Part Payment
Julian Gregory,Julian_Gregory6304@gnjps.meet,Analytics,2022-12-14,500.00,Full Payment
Bethany Wellington,Bethany_Wellington4382@voylg.pro,Analytics,2022-12-10,250.00,Part Payment
Alan Brown,Alan_Brown2843@lhp4j.video,Leadership,2022-12-18,100.00,Part Payment
Kurt Blackburn,Kurt_Blackburn350@iaart.services,Unspecified,2022-12-25,500.00,Full Payment
Jolene Wright,Jolene_Wright796@voylg.directory,Leadership,2022-12-14,250.00,Part Payment
Daniel Palmer,Daniel_Palmer9331@nanoff.website,Leadership,2022-12-05,500.00,Full Payment
Tyler Thorne,Tyler_Thorne3513@yvu30.works,Unspecified,2022-12-25,500.00,Full Payment
Javier Spencer,Javier_Spencer5051@gnjps.name,Accounting,2022-12-14,500.00,Full Payment
Ramon Nurton,Ramon_Nurton1427@ckzyi.tech,Design and technology,2022-12-29,250.00,Part Payment
Parker Wood,Parker_Wood3080@evyvh.catering,Analytics,2022-12-13,500.00,Full Payment
Owen Walton,Owen_Walton2410@yafr7.biz,Analytics,2022-12-18,500.00,Full Payment
Melody Attwood,Melody_Attwood1512@bcfhs.property,Design and technology,2022-12-14,500.00,Full Payment
William Hobbs,William_Hobbs5006@lhp4j.catering,Accounting,2022-12-05,250.00,Part Payment
Analise Sheldon,Analise_Sheldon7133@nanoff.design,Design and technology,2022-12-15,250.00,Part Payment
Owen Anderson,Owen_Anderson388@3wbkp.page,Unspecified,2022-12-25,250.00,Part Payment
Ethan Penn,Ethan_Penn2248@xtwt3.catering,Unspecified,2022-12-25,100.00,Part Payment
Benny Clarke,Benny_Clarke7034@lyvnc.net,Unspecified,2022-12-20,500.00,Full Payment
Belinda Simmons,Belinda_Simmons9851@nb44i.page,Unspecified,2022-12-09,100.00,Part Payment
Emerald Talbot,Emerald_Talbot5897@dvqq2.site,Analytics,2022-12-07,100.00,Part Payment
Chuck Alexander,Chuck_Alexander6114@fhuux.edu,Leadership,2022-12-19,250.00,Part Payment
Peter Baker,Peter_Baker1225@yafr7.directory,Leadership,2022-12-24,250.00,Part Payment
Rita Rowlands,Rita_Rowlands762@lyvnc.services,Accounting,2022-12-29,500.00,Full Payment
Benny Flynn,Benny_Flynn3566@qu9ml.meet,Analytics,2022-12-11,500.00,Full Payment
Mark Cann,Mark_Cann7055@kyb7t.edu,Leadership,2022-12-06,250.00,Part Payment
Fred Ring,Fred_Ring8266@yfxpw.shop,Accounting,2022-12-04,100.00,Part Payment
Sharon Saunders,Sharon_Saunders5110@nb44i.directory,Leadership,2022-12-10,250.00,Part Payment
Nicholas Durrant,Nicholas_Durrant3119@gkvds.club,Analytics,2022-12-16,100.00,Part Payment
Alan Walsh,Alan_Walsh8108@zynuu.name,Analytics,2022-12-08,500.00,Full Payment
Sabrina Logan,Sabrina_Logan506@6ijur.audio,Design and technology,2022-12-22,250.00,Part Payment
Emely Wilkinson,Emely_Wilkinson7293@cdpfn.property,Unspecified,2022-12-25,250.00,Part Payment
Maddison Carter,Maddison_Carter4255@bu2lo.website,Leadership,2022-12-21,250.00,Part Payment
